{"cameraMode":{"drawMode":0,"name":"Shaded","section":"Shading Mode"},"sceneLighting":true,"audioPlay":false,"sceneViewState":{"showFog":true,"showMaterialUpdate":false,"showSkybox":true,"showFlares":true,"showImageEffects":true,"showParticleSystems":true},"in2DMode":false,"pivot":{"x":3.3486132621765138,"y":-1.9530808925628663,"z":-13.444733619689942},"rotation":{"x":0.015252398326992989,"y":0.9845623970031738,"z":-0.1130378320813179,"w":0.1328449696302414},"size":9.338598251342774,"orthographic":false}